Date,price,log_return
2026-03-17 18:00:00,74683.04,0.0021351583331510305
2026-03-17 19:00:00,74512.17,-0.0022905571124963438
2026-03-17 20:00:00,74506.75,-7.274244105901077e-05
2026-03-17 21:00:00,74685.42,0.0023951670575812867
2026-03-17 22:00:00,74307.08,-0.005078655814244373
2026-03-17 23:00:00,73909.36,-0.005366758972178833
2026-03-18 00:00:00,73867.88,-0.0005613855163268419
2026-03-18 01:00:00,74072.3,0.0027635511880536663
2026-03-18 02:00:00,74338.93,0.003593128186620912
2026-03-18 03:00:00,74446.14,0.0014411394712551572
2026-03-18 04:00:00,74175.49,-0.0036421387544314475
2026-03-18 05:00:00,73950.0,-0.0030445829975831225
2026-03-18 06:00:00,73954.03,5.4494796402798096e-05
2026-03-18 07:00:00,73883.8,-0.0009500951858253282
2026-03-18 08:00:00,74044.89,0.0021779421378856126
2026-03-18 09:00:00,74181.08,0.0018376002305612864
2026-03-18 10:00:00,73946.35,-0.0031693008712582638
2026-03-18 11:00:00,72952.85,-0.013526488204213767
2026-03-18 12:00:00,72361.24,-0.008142545140570676
2026-03-18 13:00:00,72133.49,-0.003152366714050229
2026-03-18 14:00:00,71193.23,-0.013120700578268647
2026-03-18 15:00:00,71467.82,0.003849548830550351
2026-03-18 16:00:00,71314.08,-0.0021534950776622413
2026-03-18 17:00:00,71595.21,0.003934388907032317
2026-03-18 18:00:00,71096.74,-0.00698668744358723
2026-03-18 19:00:00,71072.38,-0.0003426904554012228
2026-03-18 20:00:00,71214.67,0.002000042132182731
2026-03-18 21:00:00,71263.67,0.0006878238745880762
2026-03-18 22:00:00,71153.66,-0.0015448965639239935
2026-03-18 23:00:00,71246.54,0.0013044927348578334
2026-03-19 00:00:00,71002.17,-0.0034358166115613987
2026-03-19 01:00:00,71115.23,0.0015910792605446785
2026-03-19 02:00:00,71055.44,-0.0008411018042592622
2026-03-19 03:00:00,71215.39,0.0022485293350816417
2026-03-19 04:00:00,70822.07,-0.005538271457968548
2026-03-19 05:00:00,70826.54,6.311392680047778e-05
2026-03-19 06:00:00,70583.22,-0.00344135001904078
2026-03-19 07:00:00,70191.17,-0.005569919551127665
2026-03-19 08:00:00,69985.19,-0.002938871408181495
2026-03-19 09:00:00,70513.0,0.007513441745880864
2026-03-19 10:00:00,70133.72,-0.005393384494044646
2026-03-19 11:00:00,69952.75,-0.0025836913539402625
2026-03-19 12:00:00,69290.27,-0.00951552183640785
2026-03-19 13:00:00,69905.65,0.008841983432127463
2026-03-19 14:00:00,69482.25,-0.006075151461749448
2026-03-19 15:00:00,69412.51,-0.0010042136342760658
2026-03-19 16:00:00,69455.86,0.0006243322566271737
2026-03-19 17:00:00,69854.16,0.005718197230797974
2026-03-19 18:00:00,69821.21,-0.00047180831683102403
2026-03-19 19:00:00,70271.99,0.006435452338231327
2026-03-19 20:00:00,70483.03,0.002998687480439544
2026-03-19 21:00:00,70413.47,-0.0009873915342313079
2026-03-19 22:00:00,70183.99,-0.003264357745563873
2026-03-19 23:00:00,69930.0,-0.003625480627680088
2026-03-20 00:00:00,70181.0,0.003582877411586665
2026-03-20 01:00:00,70403.79,0.0031694778148434253
2026-03-20 02:00:00,70415.47,0.00016588639972669905
2026-03-20 03:00:00,70729.92,0.004455696643542452
2026-03-20 04:00:00,70783.69,0.00075992694395448
2026-03-20 05:00:00,70606.24,-0.00251008106685859
2026-03-20 06:00:00,70502.9,-0.001464682138585237
2026-03-20 07:00:00,70854.66,0.004976893009121993
2026-03-20 08:00:00,71042.23,0.0026437522238934395
2026-03-20 09:00:00,70583.8,-0.0064738325445548184
2026-03-20 10:00:00,70611.68,0.0003949134966972414
2026-03-20 11:00:00,70478.71,-0.0018848915134212002
2026-03-20 12:00:00,70342.63,-0.0019326622279972256
2026-03-20 13:00:00,69863.84,-0.006829811222662031
2026-03-20 14:00:00,69731.21,-0.0019002112167786087
2026-03-20 15:00:00,69860.09,0.001846533940439505
2026-03-20 16:00:00,69829.26,-0.00044140803147238336
2026-03-20 17:00:00,70000.0,0.002442122412107844
2026-03-20 18:00:00,69770.0,-0.0032911240982138436
2026-03-20 19:00:00,70177.86,0.0058287587210484135
2026-03-20 20:00:00,70057.66,-0.001714259403549522
2026-03-20 21:00:00,70540.73,0.0068716562240183415
2026-03-20 22:00:00,70767.85,0.0032145280289819786
2026-03-20 23:00:00,70510.73,-0.003639904702890435
2026-03-21 00:00:00,70682.19,0.002428734872589206
2026-03-21 01:00:00,70464.59,-0.00308331755624617
2026-03-21 02:00:00,70737.6,0.0038669420098740273
2026-03-21 03:00:00,70657.35,-0.0011351184553169223
2026-03-21 04:00:00,70642.13,-0.00021542896065664344
2026-03-21 05:00:00,70697.94,0.000789726549598814
2026-03-21 06:00:00,70774.65,0.0010844504581104903
2026-03-21 07:00:00,70727.33,-0.0006688245883760277
2026-03-21 08:00:00,70594.43,-0.0018808149456591469
2026-03-21 09:00:00,70661.59,0.0009508975980003901
2026-03-21 10:00:00,70605.64,-0.0007921158066945043
2026-03-21 11:00:00,70652.72,0.0006665800416096009
2026-03-21 12:00:00,70722.61,0.0009887157213844737
2026-03-21 13:00:00,70740.18,0.00024840454638754754
2026-03-21 14:00:00,70629.1,-0.0015714874244248636
2026-03-21 15:00:00,70630.02,1.3025707649957122e-05
2026-03-21 16:00:00,70301.66,-0.004659854961978713
2026-03-21 17:00:00,70304.08,3.442249228565219e-05
2026-03-21 18:00:00,70389.19,0.0012098661205589979
2026-03-21 19:00:00,70396.0,9.67431305140108e-05
2026-03-21 20:00:00,70462.28,0.0009410878067191815
2026-03-21 21:00:00,70345.57,-0.0016577204570191848
2026-03-21 22:00:00,70277.22,-0.0009721042425981396
2026-03-21 23:00:00,68918.12,-0.019528573190871368
2026-03-22 00:00:00,68954.71,0.0005307789919021494
2026-03-22 01:00:00,68962.4,0.00011151625796040931
2026-03-22 02:00:00,69278.12,0.004567699093266847
2026-03-22 03:00:00,69339.99,0.000892668412640642
2026-03-22 04:00:00,69358.0,0.00025970095314597764
2026-03-22 05:00:00,69153.41,-0.002954127010702949
2026-03-22 06:00:00,69164.06,0.00015399356308403732
2026-03-22 07:00:00,68919.38,-0.0035439478635453793
2026-03-22 08:00:00,68804.77,-0.0016643417506098594
2026-03-22 09:00:00,68826.2,0.00031141247021912
2026-03-22 10:00:00,68648.17,-0.0025900114984505375
2026-03-22 11:00:00,68217.95,-0.006286748202868126
2026-03-22 12:00:00,68654.83,0.0063837599215519495
2026-03-22 13:00:00,68700.02,0.000658003727287336
2026-03-22 14:00:00,68711.66,0.00016941791306002735
2026-03-22 15:00:00,68847.96,0.0019816868439315057
2026-03-22 16:00:00,68805.58,-0.0006157488044117622
2026-03-22 17:00:00,68673.02,-0.0019284461884467748
2026-03-22 18:00:00,68618.58,-0.0007930565723363246
2026-03-22 19:00:00,68199.93,-0.006119805084945591
2026-03-22 20:00:00,68176.46,-0.0003441944787025842
2026-03-22 21:00:00,67899.97,-0.004063751238887307
2026-03-22 22:00:00,68339.37,0.006450435293497845
2026-03-22 23:00:00,67859.0,-0.007054005005963682
2026-03-23 00:00:00,67669.99,-0.0027892205577204746
2026-03-23 01:00:00,67905.0,0.003466867087879969
2026-03-23 02:00:00,68320.72,0.006103418510437831
2026-03-23 03:00:00,68074.6,-0.003608925396108893
2026-03-23 04:00:00,68541.0,0.00682794369009498
2026-03-23 05:00:00,68899.92,0.005222910555435434
2026-03-23 06:00:00,67874.19,-0.014999172434655999
2026-03-23 07:00:00,68333.16,0.006739309400480674
2026-03-23 08:00:00,68434.26,0.001478422542660981
2026-03-23 09:00:00,68334.01,-0.001465983564082621
2026-03-23 10:00:00,68551.02,0.00317069268721915
2026-03-23 11:00:00,70122.15,0.02266043575822049
2026-03-23 12:00:00,70752.15,0.008944203448465783
2026-03-23 13:00:00,71481.13,0.010250574029868278
2026-03-23 14:00:00,71446.46,-0.00048514077205104756
2026-03-23 15:00:00,70131.48,-0.018576592021253956
2026-03-23 16:00:00,70561.54,0.006113470866427927
2026-03-23 17:00:00,71085.16,0.0073933580544129004
2026-03-23 18:00:00,71076.22,-0.00012577255527183967
2026-03-23 19:00:00,70679.05,-0.0056036158553802945
2026-03-23 20:00:00,70915.59,0.003341090030512035
2026-03-23 21:00:00,70851.35,-0.0009062762361503517
2026-03-23 22:00:00,70780.22,-0.0010044371601646046
2026-03-23 23:00:00,70906.45,0.0017818194668150144
2026-03-24 00:00:00,70679.2,-0.003210073833652421
2026-03-24 01:00:00,70516.57,-0.0023036111056018767
2026-03-24 02:00:00,70453.37,-0.0008966451178778208
2026-03-24 03:00:00,70542.9,0.0012699628441642343
2026-03-24 04:00:00,70372.44,-0.00241932614495797
2026-03-24 05:00:00,70283.85,-0.0012596665490643766
2026-03-24 06:00:00,70541.38,0.0036574452898742943
2026-03-24 07:00:00,71291.7,0.010580423122119723
2026-03-24 08:00:00,70964.15,-0.004605091162983322
2026-03-24 09:00:00,71316.97,0.004959487571904193
2026-03-24 10:00:00,71272.87,-0.0006185574148355499
2026-03-24 11:00:00,71157.77,-0.0016162256246998138
2026-03-24 12:00:00,70956.48,-0.002832793116917223
2026-03-24 13:00:00,70100.46,-0.012137375286212804
2026-03-24 14:00:00,69869.93,-0.0032939853699634767
2026-03-24 15:00:00,69873.04,4.451028914752359e-05
2026-03-24 16:00:00,69476.87,-0.005685989569181486
2026-03-24 17:00:00,69238.43,-0.0034378361267700117
2026-03-24 18:00:00,69430.24,0.002766452181750083
2026-03-24 19:00:00,69377.33,-0.0007623503900041479
2026-03-24 20:00:00,70093.19,0.010265485300321495
2026-03-24 21:00:00,70332.93,0.003414467805834821
2026-03-24 22:00:00,70316.96,-0.0002270886961747832
2026-03-24 23:00:00,70556.74,0.0034041873189576874
2026-03-25 00:00:00,70840.75,0.004017191280296177
2026-03-25 01:00:00,70677.18,-0.002311651574320468
2026-03-25 02:00:00,70531.09,-0.002069143005886183
2026-03-25 03:00:00,70716.7,0.002628148827483812
2026-03-25 04:00:00,70968.64,0.003556334981933876
2026-03-25 05:00:00,71117.66,0.002097599200481619
2026-03-25 06:00:00,70991.83,-0.0017708885294578783
2026-03-25 07:00:00,70926.88,-0.0009153127805992396
2026-03-25 08:00:00,71248.39,0.0045227351851551915
2026-03-25 09:00:00,71345.91,0.0013677968222282184
2026-03-25 10:00:00,71501.39,0.0021768708459819386
2026-03-25 11:00:00,71678.97,0.0024805090733536913
2026-03-25 12:00:00,71715.24,0.0005058781769988508
2026-03-25 13:00:00,71581.42,-0.0018677342361200727
2026-03-25 14:00:00,71234.28,-0.004861379857584847
2026-03-25 15:00:00,70832.99,-0.005649310601293743
2026-03-25 16:00:00,71324.01,0.006908164251259425
2026-03-25 17:00:00,70779.0,-0.007670670344364863
2026-03-25 18:00:00,70810.34,0.0004426887011666284
2026-03-25 19:00:00,70883.31,0.001029968618223411
2026-03-25 20:00:00,71009.5,0.00177866705534244
2026-03-25 21:00:00,71035.24,0.0003624210270897812
2026-03-25 22:00:00,71369.08,0.004688630395116199
2026-03-25 23:00:00,71336.53,-0.000456183895846635
2026-03-26 00:00:00,71299.27,-0.0005224494951129631
2026-03-26 01:00:00,71252.11,-0.0006616561933039749
2026-03-26 02:00:00,70893.01,-0.005052593630313881
2026-03-26 03:00:00,70921.47,0.00040136945651921956
2026-03-26 04:00:00,70772.01,-0.002109625022001022
2026-03-26 05:00:00,70016.98,-0.010725799487326809
2026-03-26 06:00:00,70097.18,0.0011447809237646654
2026-03-26 07:00:00,70087.44,-0.00013895960934469338
2026-03-26 08:00:00,70024.77,-0.0008945687771154718
2026-03-26 09:00:00,69562.41,-0.006624701365155314
2026-03-26 10:00:00,69517.68,-0.0006432265256979278
2026-03-26 11:00:00,69276.01,-0.0034824384917675876
2026-03-26 12:00:00,69436.42,0.0023128435066133903
2026-03-26 13:00:00,69646.59,0.0030222262226243476
2026-03-26 14:00:00,69479.92,-0.0023959499843963336
2026-03-26 15:00:00,69082.64,-0.005734320853010243
2026-03-26 16:00:00,68932.52,-0.0021754140516540717
2026-03-26 17:00:00,68486.86,-0.006486153007171341
2026-03-26 18:00:00,68497.25,0.00015169642697861603
2026-03-26 19:00:00,68534.36,0.0005416268685337761
2026-03-26 20:00:00,69005.21,0.006846783647667497
2026-03-26 21:00:00,68921.1,-0.0012196369267942534
2026-03-26 22:00:00,68892.67,-0.0004125857728630093
2026-03-26 23:00:00,68820.31,-0.0010508814297568638
2026-03-27 00:00:00,68785.01,-0.0005130615702116872
2026-03-27 01:00:00,69051.27,0.0038634288619051617
2026-03-27 02:00:00,68903.59,-0.0021409909938920947
2026-03-27 03:00:00,68767.51,-0.001976886133946928
2026-03-27 04:00:00,68578.0,-0.002759611439311833
2026-03-27 05:00:00,68630.77,0.0007691928526408487
2026-03-27 06:00:00,68656.15,0.0003697366113119539
2026-03-27 07:00:00,68540.48,-0.001686193420443966
2026-03-27 08:00:00,67920.5,-0.009086616053864915
2026-03-27 09:00:00,67695.81,-0.0033136162691979974
2026-03-27 10:00:00,66502.41,-0.017786099702044384
2026-03-27 11:00:00,66702.78,0.0030084436068081913
2026-03-27 12:00:00,66619.76,-0.001245400976166531
2026-03-27 13:00:00,66188.32,-0.006497217906127366
2026-03-27 14:00:00,66205.06,0.0002528827361186063
2026-03-27 15:00:00,66112.82,-0.0013942184524371268
2026-03-27 16:00:00,65979.29,-0.0020217717089134933
2026-03-27 17:00:00,65632.92,-0.0052635055617812855
2026-03-27 18:00:00,65836.69,0.0030998823708902386
2026-03-27 19:00:00,66040.66,0.0030933312300243654
2026-03-27 20:00:00,66020.76,-0.0003013749231324209
2026-03-27 21:00:00,66098.0,0.001169251191880408
2026-03-27 22:00:00,66020.79,-0.0011687967894593778
2026-03-27 23:00:00,66407.28,0.005836996602396333
2026-03-28 00:00:00,66431.55,0.00036540520975749925
2026-03-28 01:00:00,66178.85,-0.0038111687450209614
2026-03-28 02:00:00,66053.2,-0.001900447551369302
2026-03-28 03:00:00,66240.0,0.0028240321368990288
2026-03-28 04:00:00,66285.01,0.0006792680374919355
2026-03-28 05:00:00,66341.9,0.0008578953319378733
2026-03-28 06:00:00,66382.0,0.0006042619486038979
2026-03-28 07:00:00,66561.48,0.0027000964476313633
2026-03-28 08:00:00,66409.33,-0.002288473182981589
2026-03-28 09:00:00,66311.32,-0.0014769369772693439
2026-03-28 10:00:00,66221.38,-0.0013572501549693537
2026-03-28 11:00:00,66319.47,0.0014801477115661404
2026-03-28 12:00:00,66455.09,0.002042861933265869
2026-03-28 13:00:00,66835.1,0.005702010472075209
2026-03-28 14:00:00,66742.1,-0.0013924534280802417
2026-03-28 15:00:00,67014.91,0.00407919373036771
2026-03-28 16:00:00,66926.95,-0.0013134058709429442
2026-03-28 17:00:00,66846.21,-0.0012071182261684328
2026-03-28 18:00:00,66908.03,0.0009243819770050842
2026-03-28 19:00:00,66916.52,0.00012688254900003552
2026-03-28 20:00:00,66906.0,-0.000157223164257789
2026-03-28 21:00:00,66685.53,-0.003300661354154557
2026-03-28 22:00:00,66755.88,0.00105439543118803
2026-03-28 23:00:00,66377.03,-0.00569132038974214
2026-03-29 00:00:00,66487.93,0.0016693645300381026
2026-03-29 01:00:00,66569.22,0.001221881125723745
2026-03-29 02:00:00,66818.0,0.003730196767995866
2026-03-29 03:00:00,66912.0,0.0014058179238945125
2026-03-29 04:00:00,66735.14,-0.002646672472604739
2026-03-29 05:00:00,66771.94,0.0005512816388763018
2026-03-29 06:00:00,66738.5,-0.0005009346190346786
2026-03-29 07:00:00,66671.0,-0.001011922025941493
2026-03-29 08:00:00,66724.0,0.0007946325242905058
2026-03-29 09:00:00,66634.01,-0.0013496004275880737
2026-03-29 10:00:00,66502.79,-0.001971206195276207
2026-03-29 11:00:00,66816.28,0.004702861755420379
2026-03-29 12:00:00,66849.88,0.0005027450584009067
2026-03-29 13:00:00,66580.36,-0.0040398693213671046
2026-03-29 14:00:00,66589.64,0.0001393707293687661
2026-03-29 15:00:00,66523.0,-0.0010012573646996084
2026-03-29 16:00:00,66499.35,-0.0003555793481197167
2026-03-29 17:00:00,66385.84,-0.0017083924492650542
2026-03-29 18:00:00,66427.26,0.0006237336730014426
2026-03-29 19:00:00,66348.62,-0.0011845526340387021
2026-03-29 20:00:00,66614.05,0.003992554490524342
2026-03-29 21:00:00,66710.12,0.0014411492923960643
2026-03-29 22:00:00,65860.31,-0.012820681659280377
2026-03-29 23:00:00,66010.93,0.002284350484575943
2026-03-30 00:00:00,66280.25,0.004071630052273065
2026-03-30 01:00:00,66653.74,0.005619194650757048
2026-03-30 02:00:00,67121.01,0.006985950642648416
2026-03-30 03:00:00,67173.8,0.0007861808318437691
2026-03-30 04:00:00,67616.29,0.006565639796762954
2026-03-30 05:00:00,67492.46,-0.0018330424146895822
2026-03-30 06:00:00,67305.14,-0.002779279758360868
2026-03-30 07:00:00,67624.39,0.004732108616148715
2026-03-30 08:00:00,67666.44,0.0006216238211276014
2026-03-30 09:00:00,67495.46,-0.002530004257153043
2026-03-30 10:00:00,67488.53,-0.00010267884370727816
2026-03-30 11:00:00,67680.45,0.002839706698521546
2026-03-30 12:00:00,67899.59,0.0032326320427806263
2026-03-30 13:00:00,67529.52,-0.005465160645346844
2026-03-30 14:00:00,67799.54,0.0039905746530992225
2026-03-30 15:00:00,67629.4,-0.0025126105175276594
2026-03-30 16:00:00,67368.1,-0.0038711876341724584
2026-03-30 17:00:00,66828.02,-0.008049158439626973
2026-03-30 18:00:00,66653.46,-0.0026154954157095564
2026-03-30 19:00:00,66550.05,-0.0015526620998910045
2026-03-30 20:00:00,66651.4,0.0015217554997837663
2026-03-30 21:00:00,66809.3,0.002366240753641456
2026-03-30 22:00:00,66784.98,-0.00036408744848446037
2026-03-30 23:00:00,66797.37,0.0001855035494663355
2026-03-31 00:00:00,67208.75,0.006139738876021351
2026-03-31 01:00:00,67938.54,0.010800025565863496
2026-03-31 02:00:00,67943.43,7.19742288415183e-05
2026-03-31 03:00:00,67704.74,-0.00351925494241459
2026-03-31 04:00:00,67544.01,-0.0023768068195302826
2026-03-31 05:00:00,67681.68,0.002036152266096963
2026-03-31 06:00:00,67492.85,-0.0027938713429140035
2026-03-31 07:00:00,67367.69,-0.0018561402161674492
2026-03-31 08:00:00,66778.33,-0.008786899410299361
2026-03-31 09:00:00,66124.99,-0.009831887765825777
2026-03-31 10:00:00,66363.38,0.0035986593731877187
2026-03-31 11:00:00,66685.69,0.0048449888524526585
2026-03-31 12:00:00,66653.26,-0.00048642951874837187
2026-03-31 13:00:00,67302.29,0.009690305161088571
2026-03-31 14:00:00,66587.45,-0.010678141466547575
2026-03-31 15:00:00,66736.8,0.002240403564553582
2026-03-31 16:00:00,67665.83,0.013824800849511125
2026-03-31 17:00:00,67526.75,-0.0020575100950732447
2026-03-31 18:00:00,67854.05,0.004835259323064509
2026-03-31 19:00:00,67838.8,-0.0002247723452518801
2026-03-31 20:00:00,68265.53,0.006270651320042923
2026-03-31 21:00:00,68277.99,0.00018250591510451825
2026-03-31 22:00:00,68172.87,-0.00154077476383997
2026-03-31 23:00:00,68284.48,0.0016358228397114144
2026-04-01 00:00:00,68330.75,0.0006773769186526928
2026-04-01 01:00:00,67782.73,-0.00805244214187831
2026-04-01 02:00:00,67668.89,-0.0016808957589982726
2026-04-01 03:00:00,68170.67,0.007387866719895829
2026-04-01 04:00:00,68303.83,0.0019514274425899217
2026-04-01 05:00:00,68456.02,0.002225654134941238
2026-04-01 06:00:00,69102.85,0.00940447922199501
2026-04-01 07:00:00,68692.0,-0.005963230374557116
2026-04-01 08:00:00,68670.16,-0.0003179915077635478
2026-04-01 09:00:00,68644.0,-0.0003810240737954211
2026-04-01 10:00:00,68585.55,-0.0008518573956494075
2026-04-01 11:00:00,68712.52,0.001849553110184496
2026-04-01 12:00:00,68393.6,-0.0046521712552371405
2026-04-01 13:00:00,68116.07,-0.004066091176824362
2026-04-01 14:00:00,68593.55,0.006985345165224533
2026-04-01 15:00:00,68918.52,0.00472643026844675
2026-04-01 16:00:00,68816.34,-0.001483720515563799
2026-04-01 17:00:00,68266.62,-0.008020295837378278
2026-04-01 18:00:00,68084.76,-0.0026675213384413973
2026-04-01 19:00:00,68176.84,0.0013515181682310887
2026-04-01 20:00:00,68191.09,0.00020899342025454558
2026-04-01 21:00:00,68362.53,0.0025109563565728485
2026-04-01 22:00:00,68122.99,-0.003510119548893229
2026-04-01 23:00:00,68113.92,-0.00013315040708731604
2026-04-02 00:00:00,68600.29,0.007115164574255741
2026-04-02 01:00:00,67359.27,-0.01825622954496582
2026-04-02 02:00:00,66852.99,-0.00754450303470824
2026-04-02 03:00:00,66576.25,-0.004148122207997168
2026-04-02 04:00:00,66330.27,-0.003701553254991187
2026-04-02 05:00:00,66591.54,0.003931188365210828
2026-04-02 06:00:00,66681.49,0.0013498607131291526
2026-04-02 07:00:00,66930.79,0.0037316972557241987
2026-04-02 08:00:00,66439.12,-0.007373060795288394
2026-04-02 09:00:00,66469.6,0.00045866065874906366
2026-04-02 10:00:00,66457.28,-0.0001853650674007367
2026-04-02 11:00:00,66220.28,-0.003572574775643084
2026-04-02 12:00:00,66052.71,-0.0025337007902353943
2026-04-02 13:00:00,66270.87,0.003297374476495467
2026-04-02 14:00:00,66868.18,0.008972784581081495
2026-04-02 15:00:00,66852.91,-0.00022838581507767254
2026-04-02 16:00:00,67095.85,0.003627361184658693
2026-04-02 17:00:00,66679.16,-0.006229733754152575
2026-04-02 18:00:00,66981.99,0.004531316963275956
2026-04-02 19:00:00,66975.99,-8.95803296528006e-05
2026-04-02 20:00:00,66939.25,-0.0005487052992894088
2026-04-02 21:00:00,66935.93,-4.959843939237263e-05
2026-04-02 22:00:00,66982.48,0.0006951994408357929
2026-04-02 23:00:00,66901.99,-0.0012023800773478895
2026-04-03 00:00:00,66785.86,-0.0017373310919397856
2026-04-03 01:00:00,66630.0,-0.002336454914784338
2026-04-03 02:00:00,66533.81,-0.0014446870621982939
2026-04-03 03:00:00,66579.97,0.0006935420487684283
2026-04-03 04:00:00,66602.66,0.00034073512768932574
2026-04-03 05:00:00,66600.35,-3.468390091532674e-05
2026-04-03 06:00:00,66796.79,0.002945192707969182
2026-04-03 07:00:00,67042.08,0.0036654564497476155
2026-04-03 08:00:00,66965.39,-0.0011445631855022797
2026-04-03 09:00:00,66859.58,-0.0015813195706120217
2026-04-03 10:00:00,66883.08,0.00035142115824287706
2026-04-03 11:00:00,67017.44,0.0020068636790146538
2026-04-03 12:00:00,66722.16,-0.004415752399469144
2026-04-03 13:00:00,66672.0,-0.000752056947083209
2026-04-03 14:00:00,66929.81,0.003859383641631663
2026-04-03 15:00:00,66827.15,-0.0015350232265762907
2026-04-03 16:00:00,67010.46,0.0027392915134325864
2026-04-03 17:00:00,66855.01,-0.002322481964524145
2026-04-03 18:00:00,66812.03,-0.0006430904953270367
2026-04-03 19:00:00,66885.74,0.0011026363037783947
2026-04-03 20:00:00,66831.98,-0.0008040819555784472
2026-04-03 21:00:00,66964.21,0.001976589065067408
2026-04-03 22:00:00,66888.76,-0.0011273565015553577
2026-04-03 23:00:00,66964.3,0.001128700502171782
2026-04-04 00:00:00,66893.39,-0.0010594834952414199
2026-04-04 01:00:00,66852.0,-0.0006189372406976808
2026-04-04 02:00:00,66844.83,-0.00010725759177498654
2026-04-04 03:00:00,66832.18,-0.00018926216314632982
2026-04-04 04:00:00,66860.73,0.00042709819741363405
2026-04-04 05:00:00,66916.29,0.0008306359820916245
2026-04-04 06:00:00,67013.24,0.0014477765573344614
2026-04-04 07:00:00,67014.96,2.5666240389666948e-05
2026-04-04 08:00:00,66940.0,-0.0011191822658062176
2026-04-04 09:00:00,66988.05,0.0007175494911134788
2026-04-04 10:00:00,67167.0,0.0026678102111758555
2026-04-04 11:00:00,67156.93,-0.00014993605411741135
2026-04-04 12:00:00,67097.87,-0.00087981962372699
2026-04-04 13:00:00,67193.44,0.0014233239088101268
2026-04-04 14:00:00,67215.24,0.0003243838149612935
2026-04-04 15:00:00,67383.66,0.0025025477607561013
2026-04-04 16:00:00,67366.68,-0.00025202162888615773
2026-04-04 17:00:00,67329.4,-0.0005535424780276936
2026-04-04 18:00:00,67295.47,-0.0005040673497907888
2026-04-04 19:00:00,67288.42,-0.00010476736861229585
2026-04-04 20:00:00,67268.4,-0.0002975694602135848
2026-04-04 21:00:00,67359.2,0.0013489063723622892
2026-04-04 22:00:00,67399.92,0.0006043375949520642
2026-04-04 23:00:00,67300.42,-0.0014773536295034529
2026-04-05 00:00:00,67225.0,-0.0011212751895049331
2026-04-05 01:00:00,67085.0,-0.002084730112493357
2026-04-05 02:00:00,67170.16,0.001268629249282063
2026-04-05 03:00:00,67145.98,-0.00036004608621447977
2026-04-05 04:00:00,67101.65,-0.0006604213662652413
2026-04-05 05:00:00,66931.65,-0.002536684408414973
2026-04-05 06:00:00,66802.24,-0.001935336516306777
2026-04-05 07:00:00,66820.64,0.0002754019388938115
2026-04-05 08:00:00,66933.18,0.001682793456777483
2026-04-05 09:00:00,67035.15,0.0015223003778891432
2026-04-05 10:00:00,67046.01,0.00016199143897248323
2026-04-05 11:00:00,66999.0,-0.0007014062206014772
2026-04-05 12:00:00,66783.58,-0.0032204519629129686
2026-04-05 13:00:00,66890.7,0.0016027020744680054
2026-04-05 14:00:00,66918.03,0.00040849353222375704
2026-04-05 15:00:00,67306.64,0.005790456937920532
2026-04-05 16:00:00,67212.62,-0.001397866971760749
2026-04-05 17:00:00,67373.64,0.002392815980287854
2026-04-05 18:00:00,67413.78,0.0005956045628978326
2026-04-05 19:00:00,67361.01,-0.0007830841761526195
2026-04-05 20:00:00,67658.35,0.004404412532706747
2026-04-05 21:00:00,67553.43,-0.0015519360969640007
2026-04-05 22:00:00,68338.43,0.011553432735640036
2026-04-05 23:00:00,69034.18,0.010129471209887341
2026-04-06 00:00:00,69083.78,0.0007182266829337099
2026-04-06 01:00:00,68810.18,-0.003968271837804157
2026-04-06 02:00:00,69207.99,0.005764619276277727
2026-04-06 03:00:00,69123.69,-0.0012188098985803082
2026-04-06 04:00:00,69141.8,0.00026195980072203466
2026-04-06 05:00:00,69199.31,0.0008314231874080104
2026-04-06 06:00:00,68976.67,-0.0032225599944989748
2026-04-06 07:00:00,69115.91,0.0020166188101906827
2026-04-06 08:00:00,69224.63,0.0015717738615519659
2026-04-06 09:00:00,69728.0,0.007245234609319727
2026-04-06 10:00:00,69770.88,0.0006147719802556811
2026-04-06 11:00:00,69614.91,-0.0022379622068741415
2026-04-06 12:00:00,69366.75,-0.003571122459326541
2026-04-06 13:00:00,69492.99,0.0018182380980840101
2026-04-06 14:00:00,69654.38,0.0023196999320944187
2026-04-06 15:00:00,69968.87,0.004504844742476833
2026-04-06 16:00:00,69799.14,-0.0024287400734015383
2026-04-06 17:00:00,69574.61,-0.003221986841006324
2026-04-06 18:00:00,69888.97,0.004508138001372861
2026-04-06 19:00:00,69739.53,-0.0021405380285538706
2026-04-06 20:00:00,69826.01,0.0012392745525579953
2026-04-06 21:00:00,69504.99,-0.004608027905384619
2026-04-06 22:00:00,68811.0,-0.010034932674316004
2026-04-06 23:00:00,68853.66,0.0006197669229782393
2026-04-07 00:00:00,68775.7,-0.0011328979272765983
2026-04-07 01:00:00,68400.01,-0.005477514048565466
2026-04-07 02:00:00,68674.0,0.003997699708352653
2026-04-07 03:00:00,68779.21,0.001530848505416747
2026-04-07 04:00:00,68854.65,0.0010962419793350644
2026-04-07 05:00:00,68669.0,-0.0026999008937600992
2026-04-07 06:00:00,68568.35,-0.001466802121226727
2026-04-07 07:00:00,68624.61,0.0008201587479947346
2026-04-07 08:00:00,68936.71,0.00453762053913708
2026-04-07 09:00:00,69150.05,0.0030899438837309586
2026-04-07 10:00:00,68237.93,-0.013278212567858506
2026-04-07 11:00:00,68345.75,0.0015788126721503794
2026-04-07 12:00:00,68392.18,0.0006791093266427336
2026-04-07 13:00:00,68556.43,0.0023987111480040903
